body_system,qid,file
Cardiovascular,MM-706,MM-706-a.jpeg
Cardiovascular,MM-1794,MM-1794-a.jpeg
Cardiovascular,MM-1377,MM-1377-a.jpeg
Digestive,MM-41,MM-41-a.jpeg
Digestive,MM-1025,MM-1025-a.jpeg
Digestive,MM-1655,MM-1655-a.jpeg
Endocrine,MM-1050,MM-1050-a.jpeg
Endocrine,MM-1288,MM-1288-a.jpeg
Endocrine,MM-1732,MM-1732-a.jpeg
Integumentary,MM-1053,MM-1053-a.jpeg
Integumentary,MM-179,MM-179-a.jpeg
Integumentary,MM-709,MM-709-a.jpeg
Lymphatic,MM-1597,MM-1597-a.jpeg
Lymphatic,MM-1188,MM-1188-a.jpeg
Lymphatic,MM-1810,MM-1810-a.jpeg
Muscular,MM-987,MM-987-a.jpeg
Muscular,MM-1406,MM-1406-a.jpeg
Muscular,MM-1337,MM-1337-a.png
Nervous,MM-92,MM-92-a.jpeg
Nervous,MM-1985,MM-1985-a.png
Nervous,MM-1322,MM-1322-a.jpeg
Other / NA,MM-1712,MM-1712-a.jpeg
Other / NA,MM-456,MM-456-a.jpeg
Other / NA,MM-1478,MM-1478-a.jpeg
Reproductive,MM-321,MM-321-a.jpeg
Reproductive,MM-1528,MM-1528-a.jpeg
Reproductive,MM-141,MM-141-a.png
Respiratory,MM-667,MM-667-a.jpeg
Respiratory,MM-450,MM-450-a.jpeg
Respiratory,MM-1873,MM-1873-a.jpeg
Skeletal,MM-790,MM-790-a.jpeg
Skeletal,MM-1366,MM-1366-a.jpeg
Skeletal,MM-1300,MM-1300-a.jpeg
Urinary,MM-755,MM-755-a.jpeg
Urinary,MM-1234,MM-1234-a.jpeg
Urinary,MM-1350,MM-1350-a.png
