md5,n_ficheros,ficheros,qids
0019eff78463c1fcff9c68f73bbc7a0b,2,MM-1389-d.jpeg;MM-267-a.jpeg,MM-1389;MM-267
0a75c66d87fe0d66fd99e7aa36e2f708,2,MM-158-c.jpeg;MM-890-c.jpeg,MM-158;MM-890
0db8d2f4eb12ec9eeae0d201837c38ea,4,MM-1302-c.jpeg;MM-131-b.jpeg;MM-276-a.jpeg;MM-316-a.jpeg,MM-1302;MM-131;MM-276;MM-316
0e6275dad8326f06d44adb58b0b21719,2,MM-1628-a.jpeg;MM-442-a.jpeg,MM-1628;MM-442
1e5bc031cc24cfca0ab22c5848bbe642,2,MM-1518-a.jpeg;MM-708-a.jpeg,MM-1518;MM-708
242322aceee0f77feaf85f07d1b3959e,2,MM-464-a.jpeg;MM-6-a.jpeg,MM-464;MM-6
28f1113a671e23114642af226433bd3a,2,MM-1316-b.jpeg;MM-1658-b.jpeg,MM-1316;MM-1658
294ceaea5ec5215195c69b3ddea546da,3,MM-1316-a.jpeg;MM-1658-a.jpeg;MM-1995-a.jpeg,MM-1316;MM-1658;MM-1995
2c007a915f6fde45996c74ea3c75bf12,2,MM-477-a.jpeg;MM-992-a.jpeg,MM-477;MM-992
2ed43c01ca8e16060a876ae4b2204e3b,2,MM-1076-a.jpeg;MM-693-a.jpeg,MM-1076;MM-693
2fe288761258c948bdf5c71b61ad0284,2,MM-1491-e.JPG;MM-1735-b.JPG,MM-1491;MM-1735
3951bc3735719cff92f16d6450c7c422,2,MM-1314-a.jpeg;MM-307-f.jpeg,MM-1314;MM-307
4baebde894619b21349b7c6e1dc9f175,2,MM-739-a.jpeg;MM-876-a.jpeg,MM-739;MM-876
500580b98985cb17b364fe0fd75a6ff5,2,MM-158-b.jpeg;MM-890-d.jpeg,MM-158;MM-890
5aa9c449059769303114f1f03cd0048c,2,MM-1686-a.jpeg;MM-848-a.jpeg,MM-1686;MM-848
5fb1ba28a1cf7942f8fbd5c7f052af80,2,MM-1088-a.jpeg;MM-1616-a.jpeg,MM-1088;MM-1616
663c19c26ce34cbe3a98b7294e6fa1d2,2,MM-1887-a.jpeg;MM-200-a.jpeg,MM-1887;MM-200
68a642bb7a413bfb88a6d213c844dae8,4,MM-10-a.png;MM-121-a.png;MM-1564-a.png;MM-174-a.png,MM-10;MM-121;MM-1564;MM-174
6af7ef3af3cab902848ee83e74906853,2,MM-21-a.jpeg;MM-244-a.jpeg,MM-21;MM-244
6b7eede43fb1992b8b1d01b7cdc0ac19,2,MM-1735-e.png;MM-854-b.png,MM-1735;MM-854
7924cc1f31f3969d1f3e73e2820dbd75,2,MM-1389-e.jpeg;MM-267-c.jpeg,MM-1389;MM-267
a2e738dea9c7064f5abd957c9c3107d7,2,MM-19-a.jpeg;MM-763-a.jpeg,MM-19;MM-763
a544e874a05963e5b3f319733aa16b54,2,MM-101-a.jpeg;MM-163-a.jpeg,MM-101;MM-163
a70b43951f2c71fd9eca8da12c9efa86,2,MM-1389-b.jpeg;MM-267-d.jpeg,MM-1389;MM-267
acc3610a55d4c187e1fe8ed50ef986b4,2,MM-1149-a.jpeg;MM-753-a.jpeg,MM-1149;MM-753
b1e7e1ba88704c94066eef48e256e639,2,MM-609-b.jpeg;MM-644-d.jpeg,MM-609;MM-644
bc4cd4ee343cefd463b11a475ded62f5,2,MM-1577-a.jpeg;MM-482-a.jpeg,MM-1577;MM-482
bdd3a6dde958f351b6b48000d369d91a,2,MM-15-a.jpeg;MM-1558-b.jpeg,MM-15;MM-1558
c030b58970bae71b9749f327a616327b,2,MM-1094-a.jpeg;MM-1302-b.jpeg,MM-1094;MM-1302
c9b53d101fb84e50abea0a0009f3cba2,2,MM-1371-a.jpeg;MM-1961-a.jpeg,MM-1371;MM-1961
d25eb3c67a35a6d3f44c617fdf558091,2,MM-1317-a.jpeg;MM-1501-a.jpeg,MM-1317;MM-1501
dba6399f3310bc4232917fb2d23dd541,2,MM-158-a.jpeg;MM-890-b.jpeg,MM-158;MM-890
dfce126fb6eb1862430f1685e92426f1,2,MM-1582-a.jpeg;MM-1649-a.jpeg,MM-1582;MM-1649
e4a43d18fdd867e203b596bb1e9cdd37,2,MM-722-a.jpeg;MM-825-a.jpeg,MM-722;MM-825
f01cbd7e88952bc3bcf9a00f699a84f8,2,MM-1903-a.jpeg;MM-246-a.jpeg,MM-1903;MM-246
